id,_name<jpn>,name<eng>
natsuno,ナツノ,Natsuno
kiko,キコ,Kino
shino,シノ,Shino
akane,アカネ,Akane
meguru,メグル,Meguru
minamo,ミナモ,Minamo
itsuka,イツカ,Itsuka
hinase,ヒナセ,Hinase
-,,